{"cameraMode":{"drawMode":0,"name":"Shaded","section":"Shading Mode"},"sceneLighting":true,"audioPlay":false,"sceneViewState":{"m_AlwaysRefresh":false,"showFog":true,"showSkybox":true,"showFlares":true,"showImageEffects":true,"showParticleSystems":true,"showVisualEffectGraphs":true,"m_FxEnabled":true},"in2DMode":false,"pivot":{"x":0.8842980861663818,"y":1.166068196296692,"z":-8.708011627197266},"rotation":{"x":0.040612559765577319,"y":-0.09278891980648041,"z":0.0037894060369580986,"w":0.9948585033416748},"size":8.589126586914063,"orthographic":true}