{"cameraMode":{"drawMode":0,"name":"Shaded","section":"Shading Mode"},"sceneLighting":true,"audioPlay":false,"sceneViewState":{"m_AlwaysRefresh":false,"showFog":true,"showSkybox":true,"showFlares":true,"showImageEffects":true,"showParticleSystems":true,"showVisualEffectGraphs":true,"m_FxEnabled":true},"in2DMode":false,"pivot":{"x":1.1694130897521973,"y":3.4770891666412355,"z":-9.584004402160645},"rotation":{"x":0.003600143827497959,"y":-0.0012069931253790856,"z":-0.000009200855856761336,"w":-1.000001072883606},"size":7.6209025382995609,"orthographic":true}