{"cameraMode":{"drawMode":0,"name":"Shaded","section":"Shading Mode"},"sceneLighting":true,"audioPlay":false,"sceneViewState":{"m_AlwaysRefresh":false,"showFog":true,"showSkybox":true,"showFlares":true,"showImageEffects":true,"showParticleSystems":true,"showVisualEffectGraphs":true,"m_FxEnabled":true},"in2DMode":false,"pivot":{"x":0.5901875495910645,"y":3.558523654937744,"z":1.2759149074554444},"rotation":{"x":0.10629954189062119,"y":-0.002384538296610117,"z":0.00025269758771173656,"w":0.9943394064903259},"size":6.1477508544921879,"orthographic":true}