{"cameraMode":{"drawMode":0,"name":"Shaded","section":"Shading Mode"},"sceneLighting":true,"audioPlay":false,"sceneViewState":{"m_AlwaysRefresh":false,"showFog":true,"showSkybox":true,"showFlares":true,"showImageEffects":true,"showParticleSystems":true,"showVisualEffectGraphs":true,"m_FxEnabled":true},"in2DMode":false,"pivot":{"x":-1.3993017673492432,"y":1.7220838069915772,"z":-8.832119941711426},"rotation":{"x":0.040612559765577319,"y":-0.09278891980648041,"z":0.0037894060369580986,"w":0.9948585033416748},"size":5.695415019989014,"orthographic":true}