{"cameraMode":{"drawMode":0,"name":"Shaded","section":"Shading Mode"},"sceneLighting":true,"audioPlay":false,"sceneViewState":{"m_AlwaysRefresh":false,"showFog":true,"showSkybox":true,"showFlares":true,"showImageEffects":true,"showParticleSystems":true,"showVisualEffectGraphs":true,"m_FxEnabled":true},"in2DMode":false,"pivot":{"x":6.816431522369385,"y":-8.223321914672852,"z":-0.0627969428896904},"rotation":{"x":-0.5063750743865967,"y":0.029749874025583268,"z":-0.01747843623161316,"w":-0.8616692423820496},"size":20.451038360595704,"orthographic":false}