{"cameraMode":{"drawMode":0,"name":"Shaded","section":"Shading Mode"},"sceneLighting":true,"audioPlay":false,"sceneViewState":{"m_AlwaysRefresh":false,"showFog":true,"showSkybox":true,"showFlares":true,"showImageEffects":true,"showParticleSystems":true,"showVisualEffectGraphs":true,"m_FxEnabled":true},"in2DMode":false,"pivot":{"x":1.4091646671295167,"y":3.7070274353027345,"z":-9.38707447052002},"rotation":{"x":0.00802470650523901,"y":-0.13577531278133393,"z":0.001100035267882049,"w":0.9907130002975464},"size":11.2437105178833,"orthographic":true}