{"cameraMode":{"drawMode":0,"name":"Shaded","section":"Shading Mode"},"sceneLighting":true,"audioPlay":false,"sceneViewState":{"m_AlwaysRefresh":false,"showFog":true,"showSkybox":true,"showFlares":true,"showImageEffects":true,"showParticleSystems":true,"showVisualEffectGraphs":true,"m_FxEnabled":true},"in2DMode":false,"pivot":{"x":0.6812484860420227,"y":2.442471742630005,"z":-0.6592068672180176},"rotation":{"x":0.0552469901740551,"y":0.5878159403800964,"z":-0.04025190323591232,"w":0.8062080144882202},"size":0.4554585814476013,"orthographic":false}