{"cameraMode":{"drawMode":0,"name":"Shaded","section":"Shading Mode"},"sceneLighting":true,"audioPlay":false,"sceneViewState":{"m_AlwaysRefresh":false,"showFog":true,"showSkybox":true,"showFlares":true,"showImageEffects":true,"showParticleSystems":true,"showVisualEffectGraphs":true,"m_FxEnabled":true},"in2DMode":false,"pivot":{"x":0.002823472023010254,"y":1.8359973430633546,"z":-8.613000869750977},"rotation":{"x":0.040612559765577319,"y":-0.09278891980648041,"z":0.0037894060369580986,"w":0.9948585033416748},"size":6.049010276794434,"orthographic":true}