{"cameraMode":{"drawMode":0,"name":"Shaded","section":"Shading Mode"},"sceneLighting":true,"audioPlay":false,"sceneViewState":{"m_AlwaysRefresh":false,"showFog":true,"showSkybox":true,"showFlares":true,"showImageEffects":true,"showParticleSystems":true,"showVisualEffectGraphs":true,"m_FxEnabled":true},"in2DMode":false,"pivot":{"x":417.0035095214844,"y":300.1046447753906,"z":-65.68342590332031},"rotation":{"x":0.0024032830260694029,"y":0.017997264862060548,"z":0.000007149839348130627,"w":0.9999241232872009},"size":344.7412109375,"orthographic":false}