{"cameraMode":{"drawMode":0,"name":"Shaded","section":"Shading Mode"},"sceneLighting":true,"audioPlay":false,"sceneViewState":{"m_AlwaysRefresh":false,"showFog":true,"showSkybox":true,"showFlares":true,"showImageEffects":true,"showParticleSystems":true,"showVisualEffectGraphs":true,"m_FxEnabled":true},"in2DMode":false,"pivot":{"x":1.1694130897521973,"y":3.4770891666412355,"z":-9.584004402160645},"rotation":{"x":0.04678307846188545,"y":-0.00239773653447628,"z":0.00011195326806046069,"w":0.998906672000885},"size":4.300259113311768,"orthographic":true}