{"cameraMode":{"drawMode":0,"name":"Shaded","section":"Shading Mode"},"sceneLighting":true,"audioPlay":false,"sceneViewState":{"m_AlwaysRefresh":false,"showFog":true,"showSkybox":true,"showFlares":true,"showImageEffects":true,"showParticleSystems":true,"showVisualEffectGraphs":true,"m_FxEnabled":true},"in2DMode":false,"pivot":{"x":-1.6635950803756714,"y":-0.3677857220172882,"z":0.6689540147781372},"rotation":{"x":0.0383351594209671,"y":0.18243491649627686,"z":-0.007118786685168743,"w":0.9824521541595459},"size":5.898362636566162,"orthographic":true}