{"cameraMode":{"drawMode":0,"name":"Shaded","section":"Shading Mode"},"sceneLighting":true,"audioPlay":false,"sceneViewState":{"m_AlwaysRefresh":false,"showFog":true,"showSkybox":true,"showFlares":true,"showImageEffects":true,"showParticleSystems":true,"showVisualEffectGraphs":true,"m_FxEnabled":true},"in2DMode":false,"pivot":{"x":2.1582000255584719,"y":2.1158037185668947,"z":-9.71424388885498},"rotation":{"x":0.04678307846188545,"y":-0.00239773653447628,"z":0.00011195326806046069,"w":0.998906672000885},"size":2.8029391765594484,"orthographic":true}