{"cameraMode":{"drawMode":0,"name":"Shaded","section":"Shading Mode"},"sceneLighting":true,"audioPlay":false,"sceneViewState":{"m_AlwaysRefresh":false,"showFog":true,"showSkybox":true,"showFlares":true,"showImageEffects":true,"showParticleSystems":true,"showVisualEffectGraphs":true,"m_FxEnabled":true},"in2DMode":false,"pivot":{"x":-0.2554336488246918,"y":-6.103063583374023,"z":2.4547815322875978},"rotation":{"x":0.42872855067253115,"y":0.033838480710983279,"z":-0.01614697277545929,"w":0.902703583240509},"size":17.731197357177736,"orthographic":false}