{"cameraMode":{"drawMode":0,"name":"Shaded","section":"Shading Mode"},"sceneLighting":true,"audioPlay":false,"sceneViewState":{"m_AlwaysRefresh":false,"showFog":true,"showSkybox":true,"showFlares":true,"showImageEffects":true,"showParticleSystems":true,"showVisualEffectGraphs":true,"m_FxEnabled":true},"in2DMode":false,"pivot":{"x":4.211110591888428,"y":1.6971126794815064,"z":-8.402684211730957},"rotation":{"x":0.00802470650523901,"y":-0.13577531278133393,"z":0.001100035267882049,"w":0.9907130002975464},"size":3.6937644481658937,"orthographic":true}