{"cameraMode":{"drawMode":0,"name":"Shaded","section":"Shading Mode"},"sceneLighting":true,"audioPlay":false,"sceneViewState":{"m_AlwaysRefresh":false,"showFog":true,"showSkybox":true,"showFlares":true,"showImageEffects":true,"showParticleSystems":true,"showVisualEffectGraphs":true,"m_FxEnabled":true},"in2DMode":false,"pivot":{"x":11.545663833618164,"y":-4.100233554840088,"z":8.217296600341797},"rotation":{"x":0.4941803812980652,"y":0.00652335537597537,"z":-0.003703291527926922,"w":0.8693444728851318},"size":14.855756759643555,"orthographic":false}