{"cameraMode":{"drawMode":0,"name":"Shaded","section":"Shading Mode"},"sceneLighting":true,"audioPlay":false,"sceneViewState":{"m_AlwaysRefresh":false,"showFog":true,"showSkybox":true,"showFlares":true,"showImageEffects":true,"showParticleSystems":true,"showVisualEffectGraphs":true,"m_FxEnabled":true},"in2DMode":false,"pivot":{"x":-3.540771007537842,"y":5.21714448928833,"z":0.6464095115661621},"rotation":{"x":0.0029999215621501209,"y":-0.014397461898624897,"z":0.00004283398448023945,"w":0.9998963475227356},"size":8.682153701782227,"orthographic":true}