{"cameraMode":{"drawMode":0,"name":"Shaded","section":"Shading Mode"},"sceneLighting":true,"audioPlay":false,"sceneViewState":{"m_AlwaysRefresh":false,"showFog":true,"showSkybox":true,"showFlares":true,"showImageEffects":true,"showParticleSystems":true,"showVisualEffectGraphs":true,"m_FxEnabled":true},"in2DMode":false,"pivot":{"x":-0.16457653045654298,"y":6.2456817626953129,"z":1.9261338710784913},"rotation":{"x":0.10629954189062119,"y":-0.002384538296610117,"z":0.00025269758771173656,"w":0.9943394064903259},"size":7.6612162590026859,"orthographic":true}