{"cameraMode":{"drawMode":0,"name":"Shaded","section":"Shading Mode"},"sceneLighting":true,"audioPlay":false,"sceneViewState":{"m_AlwaysRefresh":false,"showFog":true,"showSkybox":true,"showFlares":true,"showImageEffects":true,"showParticleSystems":true,"showVisualEffectGraphs":true,"m_FxEnabled":true},"in2DMode":false,"pivot":{"x":-0.40835022926330569,"y":0.636688232421875,"z":0.9249401092529297},"rotation":{"x":0.10629954189062119,"y":-0.002384538296610117,"z":0.00025269758771173656,"w":0.9943394064903259},"size":2.566129207611084,"orthographic":true}